0x803d64,Name,Description,ID,Support Class,Portrait,Map Portrait,Affinity,Unit Sort Order,Lv,HP,Atk,Skl,Spd,Def,Res,Luck,Con,Sword,Lance,Axe,Bow,Staff,Anima,Light,Dark,HP Growth,Atk Growth,Skl Growth,Spd Growth,Def Growth,Res Growth,Luck Growth,N/A,N/A,N/A,N/A,N/A,CharClassAbility,Support Data Ptr,N/A (Conversation Group),N/A,N/A,N/A
Gunborg,GunborgName,GunborgDesc,0x1,GunborgLord,GunborgMug,0x0,LightAffinity,0x1,0,6,3,4,6,2,1,7,1,DRank,NoRank,NoRank,NoRank,NoRank,NoRank,NoRank,NoRank,75,60,40,55,50,25,35,0x0,0x0,0x0,0x0,0x0,IsFemale|EirikaLock|SwordmasterLock,0x0,0x7,0x0,0x0,0x0
Bastion,BastionName,BastionDesc,0x2,Knight,BastionMug,0x0,AnimaAffinity,0x3,0,6,6,2,0,2,1,2,2,NoRank,DRank,NoRank,NoRank,NoRank,NoRank,NoRank,NoRank,95,85,45,25,80,30,40,0x0,0x0,0x0,0x0,0x0,0x0,0x0,0x3,0x0,0x0,0x0
Aldric,AldricName,AldricDesc,0x3,Knight,AldricMug,0x0,ThunderAffinity,0x7,0,8,4,4,3,0,3,3,3,NoRank,CRank,NoRank,NoRank,NoRank,NoRank,NoRank,NoRank,90,90,50,20,90,20,45,0x0,0x0,0x0,0x0,0x0,0x0,0x0,0x4,0x0,0x0,0x0
Scully,ScullyName,ScullyDesc,0x4,Fighter,ScullyMug,0x0,LightAffinity,0x6,0,9,4,8,5,1,2,2,-1,NoRank,NoRank,DRank,NoRank,NoRank,NoRank,NoRank,NoRank,50,60,40,45,40,20,35,0x0,0x0,0x0,0x0,0x0,IsFemale,0x0,0x3,0x0,0x0,0x0
Wilbur,WilburName,WilburDesc,0x5,Priest,WilburMug,0x0,AnimaAffinity,0x8,0,2,3,5,7,1,0,1,-3,NoRank,NoRank,NoRank,NoRank,DRank,NoRank,NoRank,NoRank,70,50,30,20,25,75,55,0x0,0x0,0x0,0x0,0x0,0x0,0x0,0x4,0x0,0x0,0x0
Paula,PaulaName,PaulaDesc,0x6,Myrmidon,PaulaMug,0x0,AnimaAffinity,0x9,2,7,3,2,1,2,8,7,2,CRank,NoRank,NoRank,NoRank,NoRank,NoRank,NoRank,NoRank,65,35,55,55,20,35,35,0x0,0x0,0x0,0x0,0x0,IsFemale,0x0,0xa,0x0,0x0,0x0
Serahlta,SerahltaName,SerahltaDesc,0x7,Thief,SerahltaMug,0x0,FireAffinity,0xa,2,8,6,3,-1,2,0,7,5,DRank,NoRank,NoRank,NoRank,NoRank,NoRank,NoRank,NoRank,80,45,25,35,30,25,35,0x0,0x0,0x0,0x0,0x0,0x0,0x0,0x5,0x0,0x0,0x0
Yin,YinName,YinDesc,0x8,PegasusKnight,YinMug,0x0,LightAffinity,0xb,3,5,2,5,9,-1,7,8,0,NoRank,CRank,NoRank,NoRank,NoRank,NoRank,NoRank,NoRank,60,30,45,65,15,40,40,0x0,0x0,0x0,0x0,0x0,TriangleAttack|IsFemale,0x0,0x7,0x0,0x0,0x0
Yang,YangName,YangDesc,0x9,PegasusKnight,YangMug,0x0,DarkAffinity,0xc,3,10,5,2,2,1,3,5,6,NoRank,CRank,NoRank,NoRank,NoRank,NoRank,NoRank,NoRank,75,60,40,30,25,30,20,0x0,0x0,0x0,0x0,0x0,TriangleAttack|IsFemale,0x0,0x0,0x0,0x0,0x0
Calvin,CalvinName,CalvinDesc,0xa,Cyclops,CalvinMug,0x0,DarkAffinity,0xd,1,0,5,5,0,0,0,0,9,NoRank,NoRank,ARank,NoRank,NoRank,NoRank,NoRank,NoRank,105,90,90,105,85,0,0,0x0,0x0,0x0,0x0,0x0,0x0,0x0,0x1,0x0,0x0,0x0
Hobbes,HobbesName,HobbesDesc,0xb,Mogall,HobbesMug,0x0,DarkAffinity,0x14,5,4,5,7,9,2,3,10,4,NoRank,NoRank,NoRank,NoRank,NoRank,NoRank,NoRank,CRank,55,50,55,60,15,40,45,0x0,0x0,0x0,0x0,0x0,0x0,0x0,0x0,0x0,0x0,0x0
Yara,YaraName,YaraDesc,0xc,Pupil_1,YaraMug,0x0,AnimaAffinity,0xf,4,7,4,7,5,5,-3,7,0,NoRank,NoRank,NoRank,NoRank,NoRank,DRank,NoRank,NoRank,50,40,45,50,30,5,40,0x0,0x0,0x0,0x0,0x0,IsFemale,0x0,0x7,0x0,0x0,0x0
Ergon,ErgonName,ErgonDesc,0xd,Soldier,ErgonMug,0x0,IceAffinity,0x10,7,5,5,9,7,4,1,6,3,NoRank,CRank,NoRank,NoRank,NoRank,NoRank,NoRank,NoRank,90,60,60,60,20,2,50,0x0,0x0,0x0,0x0,0x0,0x0,0x0,0xa,0x0,0x0,0x0
Vulture,VultureName,VultureDesc,0xe,Archer,VultureMug,0x0,FireAffinity,0x1f,7,-2,7,6,10,-3,3,5,4,NoRank,NoRank,NoRank,CRank,NoRank,NoRank,NoRank,NoRank,40,60,50,60,2,50,20,0x0,0x0,0x0,0x0,0x0,0x0,0x0,0x0,0x0,0x0,0x0
Ouderen,OuderenName,OuderenDesc,0xf,General,OuderenMug,0x0,FireAffinity,0x1,1,19,8,4,2,1,0,0,2,CRank,BRank,CRank,NoRank,NoRank,NoRank,NoRank,NoRank,60,50,30,35,45,2,180,0x0,0x0,0x0,0x0,0x0,0x0,0x0,0x3,0x0,0x0,0x0
Francine,FrancineName,FrancineDesc,0x10,Assassin,FrancineMug,0x0,WindAffinity,0x5,1,20,7,19,0,17,16,12,1,BRank,NoRank,NoRank,NoRank,NoRank,NoRank,NoRank,NoRank,52,76,12,41,70,7,59,0x0,0x0,0x0,0x0,0x0,IsFemale,0x0,0x3,0x0,0x0,0x0
Loretta,LorettaName,LorettaDesc,0x11,Cleric,LorettaMug,0x0,IceAffinity,0x4,8,-1,9,-2,15,4,14,13,13,NoRank,NoRank,NoRank,NoRank,DRank,NoRank,NoRank,NoRank,80,58,117,59,65,173,31,0x0,0x0,0x0,0x0,0x0,IsFemale,0x0,0x3,0x0,0x0,0x0
Jamie,JamieName,JamieDesc,0x12,Cavalier,JamieMug,0x0,FireAffinity,0x13,5,8,9,7,3,4,1,6,8,DRank,CRank,NoRank,NoRank,NoRank,NoRank,NoRank,NoRank,85,40,30,35,30,10,0,0x0,0x0,0x0,0x0,0x0,0x0,0x0,0x7,0x0,0x0,0x0
Viridia,ViridiaName,ViridiaDesc,0x13,Cavalier_F,ViridiaMug,0x0,IceAffinity,0xe,6,8,4,13,10,1,11,5,-2,CRank,DRank,NoRank,NoRank,NoRank,NoRank,NoRank,NoRank,75,30,50,45,20,30,40,0x0,0x0,0x0,0x0,0x0,IsFemale,0x0,0x0,0x0,0x0,0x0
Sunshine,SunshineName,SunshineDesc,0x14,Troubadour,SunshineMug,0x0,LightAffinity,0x15,4,5,3,3,3,0,9,10,-1,NoRank,NoRank,NoRank,NoRank,CRank,DRank,CRank,DRank,60,35,30,40,10,40,60,0x0,0x0,0x0,0x0,0x0,IsFemale,0x0,0x4,0x0,0x0,0x0
Pete,PeteName,PeteDesc,0x15,Mercenary,PeteMug,0x0,DarkAffinity,0x16,5,10,6,6,6,3,1,1,-1,ARank,NoRank,NoRank,NoRank,NoRank,NoRank,NoRank,NoRank,90,45,60,45,20,10,10,0x0,0x0,0x0,0x0,0x0,0x0,0x0,0x7,0x0,0x0,0x0
Chenin,CheninName,CheninDesc,0x16,Shaman,CheninMug,0x0,IceAffinity,0x17,8,7,7,8,5,1,3,2,2,NoRank,NoRank,NoRank,NoRank,NoRank,NoRank,NoRank,NoRank,55,45,35,30,25,65,30,0x0,0x0,0x0,0x0,0x0,0x0,0x0,0xc,0x0,0x0,0x0
Sangria,SangriaName,SangriaDesc,0x17,WyvernLord_F,SangriaMug,0x0,WindAffinity,0x18,1,3,4,5,-3,-2,-1,7,4,NoRank,NoRank,NoRank,NoRank,NoRank,NoRank,NoRank,NoRank,90,50,60,45,20,40,35,0x0,0x0,0x0,0x0,0x0,TriangleAttack|IsFemale,0x0,0x6,0x0,0x0,0x0
Marissa,MarissaName,MarissaDesc,0x18,Dancer,MarissaMug,0x0,LightAffinity,0x19,0,2,2,2,4,0,0,5,0,NoRank,NoRank,NoRank,NoRank,NoRank,NoRank,NoRank,NoRank,110,10,30,75,35,85,95,0x0,0x0,0x0,0x0,0x0,IsFemale,0x0,0x5,0x0,0x0,0x0
Gaspard,GaspardName,GaspardDesc,0x19,Brigand,GaspardMug,0x0,LightAffinity,0x1b,0,3,5,5,7,3,3,12,2,NoRank,NoRank,CRank,NoRank,NoRank,NoRank,NoRank,NoRank,90,75,50,10,90,5,20,0x0,0x0,0x0,0x0,0x0,0x0,0x0,0xb,0x0,0x0,0x0
Ch11Playable1,0x226,0x282,0x1a,0x43,0x1e,0x0,ThunderAffinity,0x1c,0,19,9,5,2,5,6,4,0,NoRank,NoRank,NoRank,NoRank,NoRank,NoRank,NoRank,NoRank,0,0,0,0,0,0,0,0x0,0x0,0x0,0x0,0x0,0x0,0x0,0x4,0x0,0x0,0x0
Ch11Playable2,0x227,0x283,0x1b,0x41,0x1e,0x0,NoAffinity,0x0,0,0,0,0,0,0,0,0,0,NoRank,NoRank,NoRank,NoRank,NoRank,NoRank,NoRank,NoRank,0,0,0,0,0,0,0,0x0,0x0,0x0,0x0,0x0,0x0,0x0,0x0,0x0,0x0,0x0
Dogi,DogiName,DogiDesc,0x1c,Berserker,DogiMug,0x0,DarkAffinity,0x1d,5,21,11,8,0,5,6,7,3,NoRank,NoRank,BRank,NoRank,NoRank,NoRank,NoRank,NoRank,75,45,65,70,30,25,45,0x0,0x0,0x0,0x0,0x0,0x0,0x0,0x0,0x0,0x0,0x0
Feena,FeenaName,FeenaDesc,0x1d,Sage_F,FeenaMug,0x0,AnimaAffinity,0x1e,3,17,15,16,11,5,10,15,2,NoRank,NoRank,NoRank,NoRank,ARank,CRank,BRank,NoRank,55,40,50,45,35,45,50,0x0,0x0,0x0,0x0,0x0,IsFemale,0x0,0x4,0x0,0x0,0x0
Kartre,KartreName,KartreDesc,0x1e,Warrior,KartreMug,0x0,ThunderAffinity,0x22,5,20,14,6,4,5,3,14,1,NoRank,NoRank,ARank,ARank,NoRank,NoRank,NoRank,NoRank,85,50,35,40,30,25,30,0x0,0x0,0x0,0x0,0x0,0x0,0x0,0xc,0x0,0x0,0x0
Barla,BarlaName,BarlaDesc,0x1f,Swordmaster_F,BarlaMug,0x0,DarkAffinity,0x20,5,10,8,10,6,7,9,16,0,ARank,NoRank,NoRank,NoRank,NoRank,NoRank,ARank,NoRank,60,25,45,55,10,20,40,0x0,0x0,0x0,0x0,0x0,IsFemale,0x0,0x3,0x0,0x0,0x0
Renaldo,RenaldoName,RenaldoDesc,0x20,MageKnight,RenaldoMug,0x0,WindAffinity,0x11,0,8,4,4,5,3,2,7,3,NoRank,NoRank,NoRank,NoRank,NoRank,NoRank,NoRank,NoRank,75,30,40,20,25,10,40,0x0,0x0,0x0,0x0,0x0,0x0,0x0,0x3,0x0,0x0,0x0
Ch14Playable2,0x22d,0x288,0x21,0x49,0x24,0x0,ThunderAffinity,0x23,0,7,6,6,8,5,8,12,0,NoRank,NoRank,NoRank,NoRank,NoRank,NoRank,NoRank,NoRank,0,0,0,0,0,0,0,0x0,0x0,0x0,0x0,0x0,0x0,0x0,0xa,0x0,0x0,0x0
Theodore,TheodoreName,TheodoreDesc,0x22,Halberdier,TheodoreMug,0x0,WindAffinity,0x12,0,6,3,4,8,3,5,8,3,NoRank,NoRank,NoRank,NoRank,NoRank,NoRank,NoRank,NoRank,90,40,20,40,20,60,60,0x0,0x0,0x0,0x0,0x0,0x0,0x0,0xa,0x0,0x0,0x0
Franklin,FranklinName,FranklinDesc,0x23,Mercenary,FranklinMug,0x0,IceAffinity,0x24,10,11,7,11,5,1,9,8,-2,NoRank,NoRank,NoRank,NoRank,NoRank,NoRank,NoRank,NoRank,80,30,60,45,20,25,30,0x0,0x0,0x0,0x0,0x0,0x0,0x0,0x0,0x0,0x0,0x0
Charles,CharlesName,CharlesDesc,0x24,Gargoyle,CharlesMug,0x0,DarkAffinity,0x28,15,36,6,11,19,7,12,8,0,NoRank,ARank,NoRank,NoRank,NoRank,NoRank,NoRank,NoRank,13,88,130,139,68,169,175,0x0,0x0,0x0,0x0,0x0,0x0,0x0,0x0,0x0,0x0,0x0
Hosay,HosayName,HosayDesc,0x25,Wight,HosayMug,0x0,WindAffinity,0x27,10,27,0,1,20,13,10,11,0,BRank,CRank,NoRank,NoRank,NoRank,NoRank,NoRank,NoRank,200,138,56,175,118,3,171,0x0,0x0,0x0,0x0,0x0,0x0,0x0,0x0,0x0,0x0,0x0
Zagan,ZaganName,ZaganDesc,0x26,Necromancer,ZaganMug,0x0,DarkAffinity,0x26,12,25,14,-4,7,13,13,0,5,NoRank,NoRank,NoRank,NoRank,NoRank,NoRank,NoRank,NoRank,130,70,0,0,60,70,0,0x0,0x0,0x0,0x0,0x0,0x0,0x0,0x0,0x0,0x0,0x0
Inigo,InigoName,InigoDesc,0x27,0x23,InigoMug,0x0,WindAffinity,0x29,1,13,6,-6,8,2,11,3,0,NoRank,NoRank,NoRank,CRank,NoRank,NoRank,NoRank,NoRank,75,25,1,30,25,60,50,0x0,0x0,0x0,0x0,0x0,0x0,0x0,0x0,0x0,0x0,0x0
Gem,GemName,GemDesc,0x28,0x2b,GemMug,0x0,ThunderAffinity,0x2b,0,28,10,17,15,13,10,9,2,NoRank,NoRank,NoRank,NoRank,NoRank,NoRank,NoRank,NoRank,60,20,50,40,10,30,60,0x0,0x0,0x0,0x0,0x0,IsFemale,0x0,0x0,0x0,0x0,0x0
Ch18Playable2,0x236,0x291,0x29,0x11,0x45,0x0,LightAffinity,0x2a,0,36,10,20,9,19,16,12,0,NoRank,NoRank,NoRank,NoRank,NoRank,NoRank,NoRank,NoRank,0,0,0,0,0,0,0,0x0,0x0,0x0,0x0,0x0,0x0,0x0,0x0,0x0,0x0,0x0
Wulfram,WulframName,WulframDesc,0x2a,GreatKnight,WulframMug,0x0,WindAffinity,0x2c,15,30,18,17,10,12,10,14,3,SRank,BRank,BRank,NoRank,NoRank,NoRank,NoRank,NoRank,60,40,10,10,55,20,15,0x0,0x0,0x0,0x0,0x0,0x0,0x0,0x0,0x0,0x0,0x0
Agvaldt,AgvaldtName,AgvaldtDesc,0x2b,Manakete_2,AgvaldtMug,0x0,WindAffinity,0x2e,19,61,12,8,8,9,1,9,0,NoRank,NoRank,NoRank,NoRank,NoRank,NoRank,NoRank,NoRank,0,105,0,105,105,0,0,0x0,0x0,0x0,0x0,0x0,0x0,0x0,0x0,0x0,0x0,0x0
Ch20Playable1,0x238,0x293,0x2c,0x1d,0x42,0x0,AnimaAffinity,0x2d,0,16,10,8,8,6,9,17,0,NoRank,NoRank,NoRank,NoRank,NoRank,NoRank,NoRank,NoRank,0,0,0,0,0,0,0,0x0,0x0,0x0,0x0,0x0,0x0,0x0,0x0,0x0,0x0,0x0
Ch20Playable2,0x237,0x292,0x2d,0x41,0x42,0x0,NoAffinity,0x0,0,0,0,0,0,0,0,0,0,NoRank,NoRank,NoRank,NoRank,NoRank,NoRank,NoRank,NoRank,0,0,0,0,0,0,0,0x0,0x0,0x0,0x0,0x0,0x0,0x0,0x0,0x0,0x0,0x0
Xholt,XholtName,XholtDesc,0x2e,Druid,XholtMug,0x0,NoAffinity,0x0,6,22,13,7,8,12,4,17,4,NoRank,NoRank,NoRank,NoRank,ARank,NoRank,NoRank,SRank,95,95,95,95,95,95,95,0x0,0x0,0x0,0x0,0x0,0x0,0x0,0x0,0x0,0x0,0x0
,0x267,0x0,0x2f,0x41,0x0,0x0,NoAffinity,0x0,0,0,0,0,0,0,0,0,0,NoRank,NoRank,NoRank,NoRank,NoRank,NoRank,NoRank,NoRank,85,50,10,10,10,15,30,0x0,0x0,0x0,0x0,0x0,0x0,0x0,0x0,0x0,0x0,0x0
,0x267,0x0,0x30,0x41,0x0,0x0,NoAffinity,0x0,0,0,0,0,0,0,0,0,0,NoRank,NoRank,NoRank,NoRank,NoRank,NoRank,NoRank,NoRank,85,50,10,10,10,15,30,0x0,0x0,0x0,0x0,0x0,0x0,0x0,0x0,0x0,0x0,0x0
,0x267,0x0,0x31,0x41,0x0,0x0,NoAffinity,0x0,0,0,0,0,0,0,0,0,0,NoRank,NoRank,NoRank,NoRank,NoRank,NoRank,NoRank,NoRank,85,50,10,10,10,15,30,0x0,0x0,0x0,0x0,0x0,0x0,0x0,0x0,0x0,0x0,0x0
,0x267,0x0,0x32,0x41,0x0,0x0,NoAffinity,0x0,0,0,0,0,0,0,0,0,0,NoRank,NoRank,NoRank,NoRank,NoRank,NoRank,NoRank,NoRank,85,50,10,10,10,15,30,0x0,0x0,0x0,0x0,0x0,0x0,0x0,0x0,0x0,0x0,0x0
,0x267,0x0,0x33,0x41,0x0,0x0,NoAffinity,0x0,0,0,0,0,0,0,0,0,0,NoRank,NoRank,NoRank,NoRank,NoRank,NoRank,NoRank,NoRank,85,50,10,10,10,15,30,0x0,0x0,0x0,0x0,0x0,0x0,0x0,0x0,0x0,0x0,0x0
,0x267,0x0,0x34,0x41,0x0,0x0,NoAffinity,0x0,0,0,0,0,0,0,0,0,0,NoRank,NoRank,NoRank,NoRank,NoRank,NoRank,NoRank,NoRank,85,50,10,10,10,15,30,0x0,0x0,0x0,0x0,0x0,0x0,0x0,0x0,0x0,0x0,0x0
,0x267,0x0,0x35,0x41,0x0,0x0,NoAffinity,0x0,0,0,0,0,0,0,0,0,0,NoRank,NoRank,NoRank,NoRank,NoRank,NoRank,NoRank,NoRank,85,50,10,10,10,15,30,0x0,0x0,0x0,0x0,0x0,0x0,0x0,0x0,0x0,0x0,0x0
,0x267,0x0,0x36,0x41,0x0,0x0,NoAffinity,0x0,0,0,0,0,0,0,0,0,0,NoRank,NoRank,NoRank,NoRank,NoRank,NoRank,NoRank,NoRank,85,50,10,10,10,15,30,0x0,0x0,0x0,0x0,0x0,0x0,0x0,0x0,0x0,0x0,0x0
,0x267,0x0,0x37,0x41,0x0,0x0,NoAffinity,0x0,0,0,0,0,0,0,0,0,0,NoRank,NoRank,NoRank,NoRank,NoRank,NoRank,NoRank,NoRank,85,50,10,10,10,15,30,0x0,0x0,0x0,0x0,0x0,0x0,0x0,0x0,0x0,0x0,0x0
,0x267,0x0,0x38,0x41,0x0,0x0,NoAffinity,0x0,0,0,0,0,0,0,0,0,0,NoRank,NoRank,NoRank,NoRank,NoRank,NoRank,NoRank,NoRank,85,50,10,10,10,15,30,0x0,0x0,0x0,0x0,0x0,0x0,0x0,0x0,0x0,0x0,0x0
,0x267,0x0,0x39,0x41,0x0,0x0,NoAffinity,0x0,0,0,0,0,0,0,0,0,0,NoRank,NoRank,NoRank,NoRank,NoRank,NoRank,NoRank,NoRank,85,50,10,10,10,15,30,0x0,0x0,0x0,0x0,0x0,0x0,0x0,0x0,0x0,0x0,0x0
,0x267,0x0,0x3a,0x41,0x0,0x0,NoAffinity,0x0,0,0,0,0,0,0,0,0,0,NoRank,NoRank,NoRank,NoRank,NoRank,NoRank,NoRank,NoRank,85,50,10,10,10,15,30,0x0,0x0,0x0,0x0,0x0,0x0,0x0,0x0,0x0,0x0,0x0
CheninSummon,0x2f1,0x33d,0x3b,0x7,0x0,MinimugMonsterBlue,DarkAffinity,0,1,0,3,2,3,0,0,20,0,NoRank,NoRank,CRank,NoRank,NoRank,NoRank,NoRank,NoRank,0,60,45,30,0,0,60,0x0,0x0,0x0,0x0,0x0,0x0,0x0,0x0,0x0,0x0,0x0
YaraSummon,0x2f1,0x33d,0x3c,0x7,0x0,MinimugMonsterBlue,DarkAffinity,0,1,0,3,2,3,0,0,20,0,NoRank,NoRank,CRank,NoRank,NoRank,NoRank,NoRank,NoRank,0,60,45,30,0,0,60,0x0,0x0,0x0,0x0,0x0,0x0,0x0,0x0,0x0,0x0,0x0
ZaganSummon,0x2f1,0x33d,0x3d,0x7,0x0,MinimugMonsterBlue,DarkAffinity,0,1,0,3,2,3,0,0,20,0,NoRank,NoRank,CRank,NoRank,ERank,NoRank,NoRank,NoRank,0,60,45,30,0,0,60,0x0,0x0,0x0,0x0,0x0,0x0,0x0,0x0,0x0,0x0,0x0
,0x2f1,0x33d,0x3e,0x7,0x0,0x0,DarkAffinity,0x21,1,0,2,1,2,0,0,10,0,NoRank,NoRank,CRank,NoRank,NoRank,NoRank,NoRank,NoRank,0,50,50,40,0,0,55,0x0,0x0,0x0,0x0,0x0,0x0,0x0,0x0,0x0,0x0,0x0
BOSSES,0x2f1,0x33d,0x3f,0x7,0x0,0x0,DarkAffinity,0x1a,1,0,1,2,1,0,0,0,0,NoRank,NoRank,CRank,NoRank,NoRank,NoRank,NoRank,NoRank,0,70,40,20,0,0,40,0x0,0x0,0x0,0x0,0x0,0x0,0x0,0x0,0x0,0x0,0x0
Mulch,MulchName,MulchDesc,0x40,Mercenary,MulchMug,0x0,IceAffinity,0x0,1,0,1,2,1,0,0,0,0,ARank,NoRank,NoRank,NoRank,NoRank,NoRank,NoRank,NoRank,85,50,55,55,45,55,30,0x0,0x0,0x0,0x0,0x0,IsBoss,0x0,0x0,0x0,0x0,0x0
Kitabei,KitabeiName,KitabeiDesc,0x41,Myrmidon,KitabeiMug,0x0,WindAffinity,0x0,1,0,1,2,1,0,0,0,0,ARank,NoRank,NoRank,NoRank,NoRank,NoRank,NoRank,NoRank,150,100,90,70,160,80,30,0x0,0x0,0x0,0x0,0x0,IsBoss,0x0,0x0,0x0,0x0,0x0
Peter,PeterName,PeterDesc,0x42,Soldier,PeterMug,0x0,DarkAffinity,0x0,3,11,8,9,4,5,4,4,1,NoRank,ARank,NoRank,NoRank,NoRank,NoRank,NoRank,NoRank,80,55,45,40,45,30,25,0x0,0x0,0x0,0x0,0x0,IsBoss,0x0,0x0,0x0,0x0,0x0
Susie,SusieName,SusieDesc,0x43,Sage_F,SusieMug,0x0,IceAffinity,0x0,4,3,3,0,1,0,0,2,0,NoRank,NoRank,NoRank,NoRank,ARank,ARank,ARank,NoRank,80,40,55,50,20,20,15,0x0,0x0,0x0,0x0,0x0,IsBoss,0x0,0x0,0x0,0x0,0x0
Calanthia,CalanthiaName,CalanthiaDesc,0x44,Cavalier_F,CalanthiaMug,0x0,ThunderAffinity,0x0,4,3,3,0,1,0,0,2,0,ARank,ARank,NoRank,NoRank,NoRank,NoRank,NoRank,NoRank,85,40,55,40,20,30,25,0x0,0x0,0x0,0x0,0x0,IsBoss,0x0,0x0,0x0,0x0,0x0
Ch6Eusebios,EusebiosName,EusebiosDesc1,0x45,Monk,EusebiosMug,0x0,IceAffinity,0x0,4,22,11,-1,-2,-1,0,0,0,NoRank,NoRank,NoRank,NoRank,NoRank,NoRank,CRank,CRank,85,50,10,10,10,15,30,0x0,0x0,0x0,0x0,0x0,IsBoss,0x0,0x0,0x0,0x0,0x0
Westley,WestleyName,WestleyDesc,0x46,Dancer,WestleyMug,0x0,ThunderAffinity,0x0,4,3,3,0,1,0,0,2,0,NoRank,NoRank,NoRank,NoRank,NoRank,NoRank,NoRank,NoRank,85,50,10,10,10,15,30,0x0,0x0,0x0,0x0,0x0,IsBoss,0x0,0x0,0x0,0x0,0x0
Negaj,NegajName,NegajDesc,0x47,Hero,NegajMug,0x0,IceAffinity,0x0,4,3,1,3,0,1,0,0,0,ARank,NoRank,ARank,NoRank,NoRank,NoRank,NoRank,NoRank,85,50,10,10,10,15,30,0x0,0x0,0x0,0x0,0x0,IsBoss,0x0,0x0,0x0,0x0,0x0
Pinkus,PinkusName,PinkusDesc,0x48,Druid,PinkusMug,0x0,FireAffinity,0x0,4,3,1,3,0,1,0,0,0,NoRank,NoRank,NoRank,NoRank,NoRank,NoRank,NoRank,ARank,85,50,10,10,10,15,30,0x0,0x0,0x0,0x0,0x0,IsBoss,0x0,0x0,0x0,0x0,0x0
Merlot,MerlotName,MerlotDesc,0x49,MageKnight,MerlotMug,0x0,DarkAffinity,0x0,6,0,0,0,0,0,0,0,0,NoRank,NoRank,NoRank,NoRank,ARank,ARank,NoRank,NoRank,85,50,10,10,10,15,30,0x0,0x0,0x0,0x0,0x0,IsBoss,0x0,0x0,0x0,0x0,0x0
Otto,OttoName,OttoDesc,0x4a,Cavalier,OttoMug,0x0,AnimaAffinity,0x0,4,3,3,0,1,0,0,2,0,ARank,ARank,NoRank,NoRank,NoRank,NoRank,NoRank,NoRank,85,50,10,10,10,15,30,0x0,0x0,0x0,0x0,0x0,IsBoss,0x0,0x0,0x0,0x0,0x0
Ch11Boss,Ch11ThiefName,Ch11ThiefDesc,0x4b,Bard,0,MinimugSoldierRed,NoAffinity,0,1,7,2,2,2,2,2,2,0,NoRank,NoRank,NoRank,NoRank,NoRank,NoRank,NoRank,NoRank,75,30,30,30,15,15,30,0x0,0x0,0x0,0x0,0x0,IsBoss,0x0,0x0,0x0,0x0,0x0
DarkTovah,DarkTovahName,DarkTovahDesc,0x4c,Druid_F,DarkTovahMug,0x0,LightAffinity,0x0,4,3,3,0,1,0,0,2,0,NoRank,NoRank,NoRank,NoRank,ARank,ARank,NoRank,ARank,85,50,10,10,10,15,30,0x0,0x0,0x0,0x0,0x0,IsBoss,0x0,0x0,0x0,0x0,0x0
Randal,RandalName,RandalDesc,0x4d,Berserker,RandalMug,0x0,AnimaAffinity,0x0,4,16,10,23,0,5,4,12,0,NoRank,NoRank,ARank,NoRank,NoRank,NoRank,NoRank,NoRank,85,50,10,10,10,15,30,0x0,0x0,0x0,0x0,0x0,IsBoss,0x0,0x0,0x0,0x0,0x0
Akari,AkariName,AkariDesc,0x4e,Swordmaster_F,AkariMug,0x0,DarkAffinity,0x0,4,3,1,3,0,1,0,0,0,ARank,NoRank,NoRank,NoRank,NoRank,NoRank,NoRank,NoRank,85,50,10,10,10,15,30,0x0,0x0,0x0,0x0,0x0,IsBoss,0x0,0x0,0x0,0x0,0x0
Rhodes,RhodesName,RhodesDesc,0x4f,Paladin,RhodesMug,0x0,IceAffinity,0x0,4,3,1,3,0,1,0,0,0,ARank,ARank,NoRank,NoRank,NoRank,NoRank,NoRank,NoRank,85,50,25,35,15,15,30,0x0,0x0,0x0,0x0,0x0,IsBoss,0x0,0x0,0x0,0x0,0x0
Saramine,SaramineName,SaramineDesc,0x50,Sage_F,SaramineMug,0x0,DarkAffinity,0x0,4,3,1,3,0,1,0,0,0,NoRank,NoRank,NoRank,NoRank,ARank,ARank,ARank,NoRank,85,50,10,10,10,15,30,0x0,0x0,0x0,0x0,0x0,IsBoss,0x0,0x0,0x0,0x0,0x0
Darias,DariasName,DariasDesc,0x51,Mogall,DariasMug,0x0,AnimaAffinity,0x0,4,3,1,3,0,1,0,0,1,NoRank,NoRank,NoRank,NoRank,NoRank,ARank,NoRank,ARank,85,50,35,35,25,15,30,0x0,0x0,0x0,0x0,0x0,IsBoss,0x0,0x0,0x0,0x0,0x0
Borgas,BorgasName,BorgasDesc,0x52,Rogue,BorgasMug,0x0,FireAffinity,0x0,1,13,1,6,0,1,2,0,0,ARank,NoRank,NoRank,NoRank,NoRank,NoRank,NoRank,NoRank,85,65,10,10,20,20,30,0x0,0x0,0x0,0x0,0x0,IsBoss,0x0,0x0,0x0,0x0,0x0
Dihard,DihardName,DihardDesc,0x53,Wight,DihardMug,0x0,ThunderAffinity,0x0,7,14,8,5,8,2,12,9,0,ARank,ARank,NoRank,NoRank,NoRank,NoRank,NoRank,NoRank,85,50,45,45,30,20,20,0x0,0x0,0x0,0x0,0x0,IsBoss,0x0,0x0,0x0,0x0,0x0
Ch19Eusebios,EusebiosName,EusebiosDesc2,0x54,Bishop,EusebiosMug,0x0,IceAffinity,0x0,15,39,20,-4,-4,-3,12,0,1,NoRank,NoRank,NoRank,NoRank,ARank,NoRank,SRank,ARank,85,50,10,10,10,15,30,0x0,0x0,0x0,0x0,0x0,IsBoss,0x0,0x0,0x0,0x0,0x0
Ch20Boss,0x267,0x0,0x55,Warrior,0x0,0x0,NoAffinity,0x0,7,14,8,5,8,2,12,9,0,NoRank,NoRank,ARank,ARank,NoRank,NoRank,NoRank,NoRank,85,50,10,10,10,15,30,0x0,0x0,0x0,0x0,0x0,IsBoss,0x0,0x0,0x0,0x0,0x0
Ch21Boss,DemonKingName,DemonKingDesc,0x56,DemonKing,0x0,MinimugMonsterRed,DarkAffinity,0x0,20,35,10,20,10,20,5,0,0,NoRank,NoRank,NoRank,NoRank,SRank,SRank,NoRank,SRank,85,65,20,40,15,40,30,0x0,0x0,0x0,0x0,0x0,IsBoss,0x0,0x0,0x0,0x0,0x0
DemiA,DemiName,DemiDesc,0x57,Shaman,DemiAMug,0x0,DarkAffinity,0x0,20,15,18,4,3,3,6,0,0,NoRank,NoRank,NoRank,NoRank,NoRank,NoRank,NoRank,ARank,0,0,0,0,0,0,0,0x0,0x0,0x0,0x0,0x0,IsBoss,0x0,0x0,0x0,0x0,0x0
DemiB,DemiName,DemiDesc,0x58,Shaman,DemiBMug,0x0,DarkAffinity,0x0,20,14,8,4,8,13,1,5,0,NoRank,NoRank,NoRank,NoRank,NoRank,NoRank,NoRank,ARank,0,0,0,0,0,0,0,0x0,0x0,0x0,0x0,0x0,IsBoss,0x0,0x0,0x0,0x0,0x0
DemiC,DemiName,DemiDesc,0x59,Shaman,DemiCMug,0x0,DarkAffinity,0x0,20,18,8,-1,8,3,11,0,0,NoRank,NoRank,NoRank,NoRank,NoRank,NoRank,NoRank,ARank,0,0,0,0,0,0,0,0x0,0x0,0x0,0x0,0x0,IsBoss,0x0,0x0,0x0,0x0,0x0
note this ID,0x247,0x2a1,0x5a,0x40,0x3d,0x0,ThunderAffinity,0x0,5,17,10,3,0,8,5,1,3,NoRank,NoRank,ARank,DRank,NoRank,NoRank,NoRank,NoRank,85,50,10,10,10,15,30,0x0,0x0,0x0,0x0,0x0,IsBoss,0x0,0x0,0x0,0x0,0x0
starts overwriting,0x248,0x2a2,0x5b,0x1d,0x3e,0x0,IceAffinity,0x0,7,22,8,7,7,8,9,6,0,BRank,NoRank,NoRank,ARank,NoRank,NoRank,NoRank,NoRank,85,50,35,35,25,15,30,0x0,0x0,0x0,0x0,0x0,IsBoss,0x0,0x0,0x0,0x0,0x0
generic villager mugs,0x255,0x2b1,0x5c,0x5a,0x0,0x0,DarkAffinity,0x0,9,18,7,3,3,2,10,0,0,NoRank,NoRank,NoRank,NoRank,NoRank,NoRank,NoRank,NoRank,85,50,35,35,25,15,30,0x0,0x0,0x0,0x0,0x0,IsBoss,0x0,0x0,0x0,0x0,0x0
,0x255,0x2b1,0x5d,0x56,0x0,0x4,DarkAffinity,0x0,8,15,5,10,7,4,7,1,0,NoRank,NoRank,NoRank,NoRank,NoRank,NoRank,NoRank,NoRank,85,50,10,10,10,15,30,0x0,0x0,0x0,0x0,0x0,IsBoss,0x0,0x0,0x0,0x0,0x0
,0x255,0x2b1,0x5e,0x64,0x0,0x4,DarkAffinity,0x0,8,14,5,9,6,4,4,0,0,NoRank,NoRank,NoRank,NoRank,NoRank,NoRank,NoRank,NoRank,85,50,10,10,10,15,30,0x0,0x0,0x0,0x0,0x0,IsBoss,0x0,0x0,0x0,0x0,0x0
NPCs,NPCName,NPCDesc,0x5f,0x53,0x0,MinimugShieldGreen,NoAffinity,0x0,1,7,2,2,1,2,2,1,0,NoRank,NoRank,NoRank,NoRank,NoRank,NoRank,NoRank,NoRank,85,50,35,35,15,15,30,0x0,0x0,0x0,0x0,0x0,IsBoss,0x0,0x0,0x0,0x0,0x0
Ch6NPCs,NPCName,NPCDesc,0x60,0x41,0x0,MinimugShieldGreen,NoAffinity,0x0,1,0,0,0,0,0,0,0,0,NoRank,NoRank,NoRank,NoRank,NoRank,NoRank,NoRank,NoRank,85,50,10,10,10,15,30,0x0,0x0,0x0,0x0,0x0,IsBoss,0x0,0x0,0x0,0x0,0x0
Ch9NPCs,NPCName,NPCDesc,0x61,0x41,0x0,MinimugShieldGreen,NoAffinity,0x0,1,0,0,0,0,0,0,0,0,NoRank,NoRank,NoRank,NoRank,NoRank,NoRank,NoRank,NoRank,85,50,10,10,10,15,30,0x0,0x0,0x0,0x0,0x0,IsBoss,0x0,0x0,0x0,0x0,0x0
,0x267,0x0,0x62,0x41,0x0,0x3,NoAffinity,0x0,1,0,0,0,0,0,0,0,0,NoRank,NoRank,NoRank,NoRank,NoRank,NoRank,NoRank,NoRank,85,50,10,10,10,15,30,0x0,0x0,0x0,0x0,0x0,IsBoss,0x0,0x0,0x0,0x0,0x0
,0x267,0x0,0x63,0x41,0x0,0x3,NoAffinity,0x0,1,0,0,0,0,0,0,0,0,NoRank,NoRank,NoRank,NoRank,NoRank,NoRank,NoRank,NoRank,85,50,10,10,10,15,30,0x0,0x0,0x0,0x0,0x0,IsBoss,0x0,0x0,0x0,0x0,0x0
,0x250,0x2ac,0x64,0xd,0x0,0x6,NoAffinity,0x0,1,0,0,0,0,0,0,0,0,NoRank,NoRank,NoRank,NoRank,NoRank,NoRank,NoRank,NoRank,85,50,10,10,10,15,30,0x0,0x0,0x0,0x0,0x0,0x0,0x0,0x0,0x0,0x0,0x0
,0x24f,0x2ad,0x65,0x41,0x0,0x6,NoAffinity,0x0,1,0,0,0,0,0,0,0,0,NoRank,NoRank,NoRank,NoRank,NoRank,NoRank,NoRank,NoRank,60,20,30,35,15,15,25,0x0,0x0,0x0,0x0,0x0,0x0,0x0,0x0,0x0,0x0,0x0
,0x24f,0x2ad,0x66,0x41,0x4c,0x6,ThunderAffinity,0x0,1,2,2,2,2,2,2,2,0,NoRank,NoRank,NoRank,NoRank,NoRank,NoRank,NoRank,NoRank,60,20,30,35,15,15,25,0x0,0x0,0x0,0x0,0x0,0x0,0x0,0x0,0x0,0x0,0x0
,0x24f,0x2ad,0x67,0x41,0x4d,0x6,NoAffinity,0x0,1,0,0,0,0,0,0,0,0,NoRank,NoRank,NoRank,NoRank,NoRank,NoRank,NoRank,NoRank,60,20,30,35,15,15,25,0x0,0x0,0x0,0x0,0x0,0x0,0x0,0x0,0x0,0x0,0x0
,0x249,0x2a3,0x68,0x3f,0x30,0x0,FireAffinity,0x0,4,3,1,2,3,0,0,0,0,NoRank,NoRank,CRank,NoRank,NoRank,NoRank,NoRank,NoRank,85,50,10,10,10,15,30,0x0,0x0,0x0,0x0,0x0,IsBoss,0x0,0x0,0x0,0x0,0x0
,0x24a,0x2a4,0x69,0x21,0x4b,0x0,WindAffinity,0x0,12,21,11,12,6,8,4,7,1,BRank,ARank,NoRank,NoRank,NoRank,NoRank,NoRank,NoRank,85,50,10,10,10,15,30,0x0,0x0,0x0,0x0,0x0,IsBoss,0x0,0x0,0x0,0x0,0x0
,0x24b,0x2a5,0x6a,0xf,0x35,0x0,LightAffinity,0x0,8,7,5,0,1,2,6,4,0,CRank,NoRank,NoRank,NoRank,NoRank,NoRank,NoRank,NoRank,85,50,10,10,10,15,30,0x0,0x0,0x0,0x0,0x0,IsBoss,0x0,0x0,0x0,0x0,0x0
,0x24c,0x2a6,0x6b,0xb,0x40,0x0,AnimaAffinity,0x0,13,31,13,10,8,7,9,9,2,ARank,SRank,ARank,NoRank,NoRank,NoRank,NoRank,NoRank,85,50,10,10,10,15,30,0x0,0x0,0x0,0x0,0x0,IsBoss,0x0,0x0,0x0,0x0,0x0
,0x234,0x2a7,0x6c,0x4f,0x4a,0x0,IceAffinity,0x0,18,55,20,15,10,23,21,9,0,NoRank,NoRank,NoRank,NoRank,ARank,NoRank,NoRank,SRank,60,20,30,35,15,15,25,0x0,0x0,0x0,0x0,0x0,IsBoss,0x0,0x0,0x0,0x0,0x0
,0x236,0x2a8,0x6d,0x7,0x44,0x0,DarkAffinity,0x0,13,25,11,11,7,6,8,6,1,ARank,ARank,NoRank,NoRank,NoRank,NoRank,NoRank,NoRank,60,20,30,35,15,15,25,0x0,0x0,0x0,0x0,0x0,IsBoss,0x0,0x0,0x0,0x0,0x0
,0x267,0x0,0x6e,0x41,0x0,0x0,NoAffinity,0x0,0,0,0,0,0,0,0,0,0,NoRank,NoRank,NoRank,NoRank,NoRank,NoRank,NoRank,NoRank,60,20,30,35,15,15,25,0x0,0x0,0x0,0x0,0x0,0x0,0x0,0x0,0x0,0x0,0x0
,0x267,0x0,0x6f,0x41,0x0,0x0,NoAffinity,0x0,0,0,0,0,0,0,0,0,0,NoRank,NoRank,NoRank,NoRank,NoRank,NoRank,NoRank,NoRank,60,20,30,35,15,15,25,0x0,0x0,0x0,0x0,0x0,0x0,0x0,0x0,0x0,0x0,0x0
,0x267,0x0,0x70,0x41,0x0,0x0,NoAffinity,0x0,0,0,0,0,0,0,0,0,0,NoRank,NoRank,NoRank,NoRank,NoRank,NoRank,NoRank,NoRank,60,20,30,35,15,15,25,0x0,0x0,0x0,0x0,0x0,0x0,0x0,0x0,0x0,0x0,0x0
,0x267,0x0,0x71,0x41,0x0,0x0,NoAffinity,0x0,0,0,0,0,0,0,0,0,0,NoRank,NoRank,NoRank,NoRank,NoRank,NoRank,NoRank,NoRank,60,20,30,35,15,15,25,0x0,0x0,0x0,0x0,0x0,0x0,0x0,0x0,0x0,0x0,0x0
,0x267,0x0,0x72,0x41,0x0,0x0,NoAffinity,0x0,0,0,0,0,0,0,0,0,0,NoRank,NoRank,NoRank,NoRank,NoRank,NoRank,NoRank,NoRank,60,20,30,35,15,15,25,0x0,0x0,0x0,0x0,0x0,0x0,0x0,0x0,0x0,0x0,0x0
,0x267,0x0,0x73,0x41,0x0,0x0,NoAffinity,0x0,0,0,0,0,0,0,0,0,0,NoRank,NoRank,NoRank,NoRank,NoRank,NoRank,NoRank,NoRank,60,20,30,35,15,15,25,0x0,0x0,0x0,0x0,0x0,0x0,0x0,0x0,0x0,0x0,0x0
,0x267,0x0,0x74,0x41,0x0,0x0,NoAffinity,0x0,0,0,0,0,0,0,0,0,0,NoRank,NoRank,NoRank,NoRank,NoRank,NoRank,NoRank,NoRank,60,20,30,35,15,15,25,0x0,0x0,0x0,0x0,0x0,0x0,0x0,0x0,0x0,0x0,0x0
,0x267,0x0,0x75,0x41,0x0,0x0,NoAffinity,0x0,0,0,0,0,0,0,0,0,0,NoRank,NoRank,NoRank,NoRank,NoRank,NoRank,NoRank,NoRank,60,20,30,35,15,15,25,0x0,0x0,0x0,0x0,0x0,0x0,0x0,0x0,0x0,0x0,0x0
,0x267,0x0,0x76,0x41,0x0,0x0,NoAffinity,0x0,0,0,0,0,0,0,0,0,0,NoRank,NoRank,NoRank,NoRank,NoRank,NoRank,NoRank,NoRank,60,20,30,35,15,15,25,0x0,0x0,0x0,0x0,0x0,0x0,0x0,0x0,0x0,0x0,0x0
,0x267,0x0,0x77,0x41,0x0,0x0,NoAffinity,0x0,0,0,0,0,0,0,0,0,0,NoRank,NoRank,NoRank,NoRank,NoRank,NoRank,NoRank,NoRank,60,20,30,35,15,15,25,0x0,0x0,0x0,0x0,0x0,0x0,0x0,0x0,0x0,0x0,0x0
,0x267,0x0,0x78,0x41,0x0,0x0,NoAffinity,0x0,0,0,0,0,0,0,0,0,0,NoRank,NoRank,NoRank,NoRank,NoRank,NoRank,NoRank,NoRank,60,20,30,35,15,15,25,0x0,0x0,0x0,0x0,0x0,0x0,0x0,0x0,0x0,0x0,0x0
,0x267,0x0,0x79,0x41,0x0,0x0,NoAffinity,0x0,0,0,0,0,0,0,0,0,0,NoRank,NoRank,NoRank,NoRank,NoRank,NoRank,NoRank,NoRank,60,20,30,35,15,15,25,0x0,0x0,0x0,0x0,0x0,0x0,0x0,0x0,0x0,0x0,0x0
,0x267,0x0,0x7a,0x41,0x0,0x0,NoAffinity,0x0,0,0,0,0,0,0,0,0,0,NoRank,NoRank,NoRank,NoRank,NoRank,NoRank,NoRank,NoRank,60,20,30,35,15,15,25,0x0,0x0,0x0,0x0,0x0,0x0,0x0,0x0,0x0,0x0,0x0
,0x267,0x0,0x7b,0x41,0x0,0x0,NoAffinity,0x0,0,0,0,0,0,0,0,0,0,NoRank,NoRank,NoRank,NoRank,NoRank,NoRank,NoRank,NoRank,60,20,30,35,15,15,25,0x0,0x0,0x0,0x0,0x0,0x0,0x0,0x0,0x0,0x0,0x0
,0x267,0x0,0x7c,0x41,0x0,0x0,NoAffinity,0x0,0,0,0,0,0,0,0,0,0,NoRank,NoRank,NoRank,NoRank,NoRank,NoRank,NoRank,NoRank,60,20,30,35,15,15,25,0x0,0x0,0x0,0x0,0x0,0x0,0x0,0x0,0x0,0x0,0x0
,0x267,0x0,0x7d,0x41,0x0,0x0,NoAffinity,0x0,0,0,0,0,0,0,0,0,0,NoRank,NoRank,NoRank,NoRank,NoRank,NoRank,NoRank,NoRank,60,20,30,35,15,15,25,0x0,0x0,0x0,0x0,0x0,0x0,0x0,0x0,0x0,0x0,0x0
,0x267,0x0,0x7e,0x41,0x0,0x0,NoAffinity,0x0,0,0,0,0,0,0,0,0,0,NoRank,NoRank,NoRank,NoRank,NoRank,NoRank,NoRank,NoRank,60,20,30,35,15,15,25,0x0,0x0,0x0,0x0,0x0,0x0,0x0,0x0,0x0,0x0,0x0
GENERICS,0x24d,0x2a9,0x7f,0x5,0x0,0x0,NoAffinity,0x0,1,3,2,1,2,2,0,1,0,NoRank,NoRank,NoRank,NoRank,NoRank,NoRank,NoRank,NoRank,60,20,30,35,15,15,25,0x0,0x0,0x0,0x0,0x0,0x0,0x0,0x0,0x0,0x0,0x0
Ch1Generics1,BanditName,BanditDesc,0x80,0x3f,0x0,MinimugShieldRed,NoAffinity,0x0,1,0,0,0,0,0,0,0,0,NoRank,NoRank,NoRank,NoRank,NoRank,NoRank,NoRank,NoRank,60,20,30,35,15,15,25,0x0,0x0,0x0,0x0,0x0,0x0,0x0,0x0,0x0,0x0,0x0
Ch1Generics2,SoldierName,SoldierDesc,0x81,0x19,0x0,MinimugSoldierRed,NoAffinity,0x0,1,0,0,0,0,0,0,0,0,NoRank,NoRank,NoRank,NoRank,NoRank,NoRank,NoRank,NoRank,60,20,30,35,15,15,25,0x0,0x0,0x0,0x0,0x0,0x0,0x0,0x0,0x0,0x0,0x0
Ch2Generics1,SoldierName,SoldierDesc,0x82,0x3f,0x0,MinimugSoldierRed,NoAffinity,0x0,1,2,0,-1,-3,3,0,0,0,NoRank,NoRank,NoRank,NoRank,NoRank,NoRank,NoRank,NoRank,60,20,30,35,15,15,25,0x0,0x0,0x0,0x0,0x0,0x0,0x0,0x0,0x0,0x0,0x0
Ch2Generics2,SoldierName,SoldierDesc,0x83,0x4e,0x0,MinimugSoldierRed,NoAffinity,0x0,1,0,0,0,0,0,0,0,0,NoRank,NoRank,NoRank,NoRank,NoRank,NoRank,NoRank,NoRank,60,20,30,35,15,15,25,0x0,0x0,0x0,0x0,0x0,0x0,0x0,0x0,0x0,0x0,0x0
Ch3Generics1,SoldierName,SoldierDesc,0x84,0x9,0x0,MinimugSoldierRed,NoAffinity,0x0,1,0,0,0,0,0,0,0,0,NoRank,NoRank,NoRank,NoRank,NoRank,NoRank,NoRank,NoRank,60,20,30,35,15,15,25,0x0,0x0,0x0,0x0,0x0,0x0,0x0,0x0,0x0,0x0,0x0
Ch3Generics2,SoldierName,SoldierDesc,0x85,0x5,0x0,MinimugSoldierRed,NoAffinity,0x0,1,0,0,0,0,0,0,0,0,NoRank,NoRank,NoRank,NoRank,NoRank,NoRank,NoRank,NoRank,60,20,30,35,15,15,25,0x0,0x0,0x0,0x0,0x0,0x0,0x0,0x0,0x0,0x0,0x0
Ch4Generics1,SoldierName,SoldierDesc,0x86,0x13,0x0,MinimugSoldierRed,NoAffinity,0x0,1,0,0,0,0,0,0,0,0,NoRank,NoRank,NoRank,NoRank,NoRank,NoRank,NoRank,NoRank,60,20,30,35,15,15,25,0x0,0x0,0x0,0x0,0x0,0x0,0x0,0x0,0x0,0x0,0x0
Ch4Generics2,SoldierName,SoldierDesc,0x87,0xf,0x0,MinimugSoldierRed,NoAffinity,0x0,1,0,0,0,0,0,0,0,0,NoRank,NoRank,NoRank,NoRank,NoRank,NoRank,NoRank,NoRank,60,20,30,35,15,15,25,0x0,0x0,0x0,0x0,0x0,0x0,0x0,0x0,0x0,0x0,0x0
Ch5Generics1,SoldierName,SoldierDesc,0x88,0xd,0x0,MinimugSoldierRed,NoAffinity,0x0,1,0,0,0,0,0,0,0,0,NoRank,NoRank,NoRank,NoRank,NoRank,NoRank,NoRank,NoRank,60,20,30,35,15,15,25,0x0,0x0,0x0,0x0,0x0,0x0,0x0,0x0,0x0,0x0,0x0
Ch5Generics2,SoldierName,SoldierDesc,0x89,0x25,0x0,MinimugSoldierRed,NoAffinity,0x0,1,0,0,0,0,0,0,0,0,NoRank,NoRank,NoRank,NoRank,NoRank,NoRank,NoRank,NoRank,60,20,30,35,15,15,25,0x0,0x0,0x0,0x0,0x0,0x0,0x0,0x0,0x0,0x0,0x0
Ch6Generics1,SoldierName,SoldierDesc,0x8a,0x44,0x0,MinimugSoldierRed,NoAffinity,0x0,1,0,0,0,0,0,0,0,0,NoRank,NoRank,NoRank,NoRank,NoRank,NoRank,NoRank,NoRank,60,20,30,35,15,15,25,0x0,0x0,0x0,0x0,0x0,0x0,0x0,0x0,0x0,0x0,0x0
Ch6Generics2,SoldierName,SoldierDesc,0x8b,0x2d,0x0,MinimugSoldierRed,NoAffinity,0x0,1,0,0,0,0,0,0,0,0,NoRank,NoRank,NoRank,NoRank,NoRank,NoRank,NoRank,NoRank,60,20,30,35,15,15,25,0x0,0x0,0x0,0x0,0x0,0x0,0x0,0x0,0x0,0x0,0x0
Ch7Generics1,SoldierName,SoldierDesc,0x8c,0x4b,0x0,MinimugSoldierRed,NoAffinity,0x0,1,0,0,0,0,0,0,0,0,NoRank,NoRank,NoRank,NoRank,NoRank,NoRank,NoRank,NoRank,60,20,30,35,15,15,25,0x0,0x0,0x0,0x0,0x0,IsFemale,0x0,0x0,0x0,0x0,0x0
Ch7Generics2,SoldierName,SoldierDesc,0x8d,0x9,0x0,MinimugSoldierRed,NoAffinity,0x0,1,0,0,0,0,0,0,0,0,NoRank,NoRank,NoRank,NoRank,NoRank,NoRank,NoRank,NoRank,60,20,30,35,15,15,25,0x0,0x0,0x0,0x0,0x0,0x0,0x0,0x0,0x0,0x0,0x0
Ch8Generics1,SoldierName,SoldierDesc,0x8e,0x41,0x0,MinimugSoldierRed,NoAffinity,0x0,1,0,0,0,0,0,0,0,0,NoRank,NoRank,NoRank,NoRank,NoRank,NoRank,NoRank,NoRank,60,20,30,35,15,15,25,0x0,0x0,0x0,0x0,0x0,0x0,0x0,0x0,0x0,0x0,0x0
Ch8Generics2,SoldierName,SoldierDesc,0x8f,0x5,0x0,MinimugSoldierRed,NoAffinity,0x0,1,0,0,0,0,0,0,0,0,NoRank,NoRank,NoRank,NoRank,NoRank,NoRank,NoRank,NoRank,60,20,30,35,15,15,25,0x0,0x0,0x0,0x0,0x0,0x0,0x0,0x0,0x0,0x0,0x0
Ch9Generics1,SoldierName,SoldierDesc,0x90,0x2d,0x0,MinimugSoldierRed,NoAffinity,0x0,1,0,0,0,0,0,0,0,0,NoRank,NoRank,NoRank,NoRank,NoRank,NoRank,NoRank,NoRank,60,20,30,35,15,15,25,0x0,0x0,0x0,0x0,0x0,0x0,0x0,0x0,0x0,0x0,0x0
Ch9Generics2,SoldierName,SoldierDesc,0x91,0x25,0x0,MinimugSoldierRed,NoAffinity,0x0,1,0,0,0,0,0,0,0,0,NoRank,NoRank,NoRank,NoRank,NoRank,NoRank,NoRank,NoRank,60,20,30,35,15,15,25,0x0,0x0,0x0,0x0,0x0,0x0,0x0,0x0,0x0,0x0,0x0
Ch10Generics1,SoldierName,SoldierDesc,0x92,0x41,0x0,MinimugSoldierRed,NoAffinity,0x0,0,0,0,0,0,0,0,0,0,NoRank,NoRank,NoRank,NoRank,NoRank,NoRank,NoRank,NoRank,0,0,0,0,0,0,0,0x0,0x0,0x0,0x0,0x0,0x0,0x0,0x0,0x0,0x0,0x0
Ch10Generics2,SoldierName,SoldierDesc,0x93,0x41,0x0,MinimugSoldierRed,NoAffinity,0x0,0,0,0,0,0,0,0,0,0,NoRank,NoRank,NoRank,NoRank,NoRank,NoRank,NoRank,NoRank,0,0,0,0,0,0,0,0x0,0x0,0x0,0x0,0x0,0x0,0x0,0x0,0x0,0x0,0x0
Ch11Generics1,Ch11GuardName,Ch11GuardDesc,0x94,Soldier,0x0,MinimugSoldierRed,NoAffinity,0x0,0,0,0,0,0,0,0,0,0,NoRank,NoRank,NoRank,NoRank,NoRank,NoRank,NoRank,NoRank,0,0,0,0,0,0,0,0x0,0x0,0x0,0x0,0x0,0x0,0x0,0x0,0x0,0x0,0x0
Ch11Generics2,Ch11ThiefName,Ch11ThiefDesc,0x95,Bard,0x0,MinimugSoldierRed,NoAffinity,0x0,0,0,0,0,0,0,0,0,0,NoRank,NoRank,NoRank,NoRank,NoRank,NoRank,NoRank,NoRank,0,0,0,0,0,0,0,0x0,0x0,0x0,0x0,0x0,0x0,0x0,0x0,0x0,0x0,0x0
Ch12Enemies,SoldierName,SoldierDesc,0x96,0x41,0x0,MinimugSoldierRed,NoAffinity,0x0,0,0,0,0,0,0,0,0,0,NoRank,NoRank,NoRank,NoRank,NoRank,NoRank,NoRank,NoRank,0,0,0,0,0,0,0,0x0,0x0,0x0,0x0,0x0,0x0,0x0,0x0,0x0,0x0,0x0
Ch12Monsters,MonsterName,MonsterDesc,0x97,0x41,0x0,MinimugMonsterRed,NoAffinity,0x0,0,0,0,0,0,0,0,0,0,NoRank,NoRank,NoRank,NoRank,NoRank,NoRank,NoRank,NoRank,0,0,0,0,0,0,0,0x0,0x0,0x0,0x0,0x0,0x0,0x0,0x0,0x0,0x0,0x0
Ch13Generics1,SoldierName,SoldierDesc,0x98,0x41,0x0,MinimugSoldierRed,NoAffinity,0x0,0,0,0,0,0,0,-15,0,0,NoRank,NoRank,NoRank,NoRank,NoRank,NoRank,NoRank,NoRank,0,0,0,0,0,0,0,0x0,0x0,0x0,0x0,0x0,0x0,0x0,0x0,0x0,0x0,0x0
Ch13Generics2,SoldierName,SoldierDesc,0x99,0x41,0x0,MinimugSoldierRed,NoAffinity,0x0,0,0,0,0,0,0,-15,0,0,NoRank,NoRank,NoRank,NoRank,NoRank,NoRank,NoRank,NoRank,0,0,0,0,0,0,0,0x0,0x0,0x0,0x0,0x0,0x0,0x0,0x0,0x0,0x0,0x0
Ch14Generics1,SoldierName,SoldierDesc,0x9a,0x41,0x0,MinimugSoldierRed,NoAffinity,0x0,0,0,0,0,0,0,0,0,0,NoRank,NoRank,NoRank,NoRank,NoRank,NoRank,NoRank,NoRank,0,0,0,0,0,0,0,0x0,0x0,0x0,0x0,0x0,0x0,0x0,0x0,0x0,0x0,0x0
Ch14Generics2,SoldierName,SoldierDesc,0x9b,0x41,0x0,MinimugSoldierRed,NoAffinity,0x0,0,0,0,0,0,0,0,0,0,NoRank,NoRank,NoRank,NoRank,NoRank,NoRank,NoRank,NoRank,0,0,0,0,0,0,0,0x0,0x0,0x0,0x0,0x0,0x0,0x0,0x0,0x0,0x0,0x0
Ch15Generics1,SoldierName,SoldierDesc,0x9c,0x41,0x0,MinimugSoldierRed,NoAffinity,0x0,0,0,0,0,0,0,0,0,0,NoRank,NoRank,NoRank,NoRank,NoRank,NoRank,NoRank,NoRank,0,0,0,0,0,0,0,0x0,0x0,0x0,0x0,0x0,0x0,0x0,0x0,0x0,0x0,0x0
Ch15Generics2,SoldierName,SoldierDesc,0x9d,0x41,0x0,MinimugSoldierRed,NoAffinity,0x0,0,0,0,0,0,0,0,0,0,NoRank,NoRank,NoRank,NoRank,NoRank,NoRank,NoRank,NoRank,0,0,0,0,0,0,0,0x0,0x0,0x0,0x0,0x0,0x0,0x0,0x0,0x0,0x0,0x0
Ch16Generics1,SoldierName,SoldierDesc,0x9e,0x41,0x0,MinimugSoldierRed,NoAffinity,0x0,0,0,0,0,0,0,0,0,0,NoRank,NoRank,NoRank,NoRank,NoRank,NoRank,NoRank,NoRank,0,0,0,0,0,0,0,0x0,0x0,0x0,0x0,0x0,0x0,0x0,0x0,0x0,0x0,0x0
Ch16Generics2,SoldierName,SoldierDesc,0x9f,0x41,0x0,MinimugSoldierRed,NoAffinity,0x0,0,0,0,0,0,0,0,0,0,NoRank,NoRank,NoRank,NoRank,NoRank,NoRank,NoRank,NoRank,0,0,0,0,0,0,0,0x0,0x0,0x0,0x0,0x0,0x0,0x0,0x0,0x0,0x0,0x0
Ch17Generics1,SoldierName,SoldierDesc,0xa0,0x41,0x0,MinimugSoldierRed,NoAffinity,0x0,1,2,2,2,1,0,2,2,0,NoRank,NoRank,NoRank,NoRank,NoRank,NoRank,NoRank,NoRank,0,0,0,0,0,0,0,0x0,0x0,0x0,0x0,0x0,0x0,0x0,0x0,0x0,0x0,0x0
UnkChGenerics1,SoldierName,SoldierDesc,0xa1,0x41,0x0,MinimugSoldierRed,NoAffinity,0x0,1,-2,-3,-2,-3,-1,-1,0,0,NoRank,NoRank,NoRank,NoRank,NoRank,NoRank,NoRank,NoRank,0,0,0,0,0,0,0,0x0,0x0,0x0,0x0,0x0,0x0,0x0,0x0,0x0,0x0,0x0
Ch18Generics1,SoldierName,SoldierDesc,0xa2,0x41,0x0,MinimugSoldierRed,NoAffinity,0x0,0,0,0,0,0,0,0,0,0,NoRank,NoRank,NoRank,NoRank,NoRank,NoRank,NoRank,NoRank,0,0,0,0,0,0,0,0x0,0x0,0x0,0x0,0x0,0x0,0x0,0x0,0x0,0x0,0x0
Ch18Generics2,SoldierName,SoldierDesc,0xa3,0x41,0x0,MinimugSoldierRed,NoAffinity,0x0,0,0,0,0,0,0,0,0,0,NoRank,NoRank,NoRank,NoRank,NoRank,NoRank,NoRank,NoRank,0,0,0,0,0,0,0,0x0,0x0,0x0,0x0,0x0,0x0,0x0,0x0,0x0,0x0,0x0
Ch19Enemies,SoldierName,SoldierDesc,0xa4,0x41,0x0,MinimugSoldierRed,NoAffinity,0x0,0,0,0,0,0,0,0,0,0,NoRank,NoRank,NoRank,NoRank,NoRank,NoRank,NoRank,NoRank,0,0,0,0,0,0,0,0x0,0x0,0x0,0x0,0x0,0x0,0x0,0x0,0x0,0x0,0x0
Ch19Phantoms,MonsterName,MonsterDesc,0xa5,0x41,0x0,MinimugMonsterRed,NoAffinity,0x0,0,0,0,0,0,0,0,0,0,NoRank,NoRank,NoRank,NoRank,NoRank,NoRank,NoRank,NoRank,0,0,0,0,0,0,0,0x0,0x0,0x0,0x0,0x0,0x0,0x0,0x0,0x0,0x0,0x0
Ch20Generics1,SoldierName,SoldierDesc,0xa6,0x41,0x0,MinimugSoldierRed,NoAffinity,0x0,0,0,0,0,0,0,0,0,0,NoRank,NoRank,NoRank,NoRank,NoRank,NoRank,NoRank,NoRank,0,0,0,0,0,0,0,0x0,0x0,0x0,0x0,0x0,0x0,0x0,0x0,0x0,0x0,0x0
Ch20Generics2,SoldierName,SoldierDesc,0xa7,0xf,0x0,MinimugSoldierRed,NoAffinity,0x0,1,0,0,0,0,0,0,0,0,NoRank,NoRank,NoRank,NoRank,NoRank,NoRank,NoRank,NoRank,60,20,30,35,15,15,25,0x0,0x0,0x0,0x0,0x0,0x0,0x0,0x0,0x0,0x0,0x0
Ch21Generics1,MonsterName,MonsterDesc,0xa8,0xf,0x0,MinimugMonsterRed,NoAffinity,0x0,1,0,0,0,0,0,0,0,0,NoRank,NoRank,NoRank,NoRank,NoRank,NoRank,NoRank,NoRank,60,20,30,35,15,15,25,0x0,0x0,0x0,0x0,0x0,0x0,0x0,0x0,0x0,0x0,0x0
Ch21Generics2,MonsterName,MonsterDesc,0xa9,0xf,0x0,MinimugMonsterRed,NoAffinity,0x0,1,0,0,0,0,0,0,0,0,NoRank,NoRank,NoRank,NoRank,NoRank,NoRank,NoRank,NoRank,60,20,30,35,15,15,25,0x0,0x0,0x0,0x0,0x0,0x0,0x0,0x0,0x0,0x0,0x0
,0x255,0x2b1,0xaa,0x52,0x0,0x4,DarkAffinity,0x0,1,0,0,0,0,0,0,0,0,NoRank,NoRank,NoRank,NoRank,NoRank,NoRank,NoRank,NoRank,60,20,30,35,15,15,25,0x0,0x0,0x0,0x0,0x0,0x0,0x0,0x0,0x0,0x0,0x0
,0x255,0x2b1,0xab,0x53,0x0,0x4,DarkAffinity,0x0,1,0,0,0,0,0,0,0,0,NoRank,NoRank,NoRank,NoRank,NoRank,NoRank,NoRank,NoRank,60,20,30,35,15,15,25,0x0,0x0,0x0,0x0,0x0,0x0,0x0,0x0,0x0,0x0,0x0
,0x255,0x2b1,0xac,0x54,0x0,0x4,DarkAffinity,0x0,1,0,0,0,0,0,0,0,0,NoRank,NoRank,NoRank,NoRank,NoRank,NoRank,NoRank,NoRank,60,20,30,35,15,15,25,0x0,0x0,0x0,0x0,0x0,0x0,0x0,0x0,0x0,0x0,0x0
,0x255,0x2b1,0xad,0x55,0x0,0x4,DarkAffinity,0x0,1,0,0,0,0,0,0,0,0,NoRank,NoRank,NoRank,NoRank,NoRank,NoRank,NoRank,NoRank,60,20,30,35,15,15,25,0x0,0x0,0x0,0x0,0x0,0x0,0x0,0x0,0x0,0x0,0x0
,0x255,0x2b1,0xae,0x56,0x0,0x4,DarkAffinity,0x0,1,0,0,0,0,0,0,0,0,NoRank,NoRank,NoRank,NoRank,NoRank,NoRank,NoRank,NoRank,60,20,30,35,15,15,25,0x0,0x0,0x0,0x0,0x0,0x0,0x0,0x0,0x0,0x0,0x0
,0x255,0x2b1,0xaf,0x57,0x0,0x4,DarkAffinity,0x0,1,0,0,0,0,0,0,0,0,NoRank,NoRank,NoRank,NoRank,NoRank,NoRank,NoRank,NoRank,60,20,30,35,15,15,25,0x0,0x0,0x0,0x0,0x0,0x0,0x0,0x0,0x0,0x0,0x0
,0x255,0x2b1,0xb0,0x58,0x0,0x4,DarkAffinity,0x0,1,0,0,0,0,0,0,0,0,NoRank,NoRank,NoRank,NoRank,NoRank,NoRank,NoRank,NoRank,60,20,30,35,15,15,25,0x0,0x0,0x0,0x0,0x0,0x0,0x0,0x0,0x0,0x0,0x0
,0x255,0x2b1,0xb1,0x59,0x0,0x4,DarkAffinity,0x0,1,0,0,0,0,0,0,0,0,NoRank,NoRank,NoRank,NoRank,NoRank,NoRank,NoRank,NoRank,60,20,30,35,15,15,25,0x0,0x0,0x0,0x0,0x0,0x0,0x0,0x0,0x0,0x0,0x0
,0x255,0x2b1,0xb2,0x5a,0x0,0x4,DarkAffinity,0x0,1,0,0,0,0,0,0,0,0,NoRank,NoRank,NoRank,NoRank,NoRank,NoRank,NoRank,NoRank,60,20,30,35,15,15,25,0x0,0x0,0x0,0x0,0x0,0x0,0x0,0x0,0x0,0x0,0x0
,0x255,0x2b1,0xb3,0x5b,0x0,0x4,DarkAffinity,0x0,1,0,0,0,0,0,0,0,0,NoRank,NoRank,NoRank,NoRank,NoRank,NoRank,NoRank,NoRank,60,20,30,35,15,15,25,0x0,0x0,0x0,0x0,0x0,0x0,0x0,0x0,0x0,0x0,0x0
,0x255,0x2b1,0xb4,0x5c,0x0,0x4,DarkAffinity,0x0,1,0,0,0,0,0,0,0,0,NoRank,NoRank,NoRank,NoRank,NoRank,NoRank,NoRank,NoRank,60,20,30,35,15,15,25,0x0,0x0,0x0,0x0,0x0,0x0,0x0,0x0,0x0,0x0,0x0
,0x255,0x2b1,0xb5,0x5d,0x0,0x4,DarkAffinity,0x0,1,0,0,0,0,0,0,0,0,NoRank,NoRank,NoRank,NoRank,NoRank,NoRank,NoRank,NoRank,60,20,30,35,15,15,25,0x0,0x0,0x0,0x0,0x0,0x0,0x0,0x0,0x0,0x0,0x0
,0x255,0x2b1,0xb6,0x5e,0x0,0x4,DarkAffinity,0x0,1,0,0,0,0,0,0,0,0,NoRank,NoRank,NoRank,NoRank,NoRank,NoRank,NoRank,NoRank,60,20,30,35,15,15,25,0x0,0x0,0x0,0x0,0x0,0x0,0x0,0x0,0x0,0x0,0x0
,0x255,0x2b1,0xb7,0x5f,0x0,0x4,DarkAffinity,0x0,1,0,0,0,0,0,0,0,0,NoRank,NoRank,NoRank,NoRank,NoRank,NoRank,NoRank,NoRank,60,20,30,35,15,15,25,0x0,0x0,0x0,0x0,0x0,0x0,0x0,0x0,0x0,0x0,0x0
,0x255,0x2b1,0xb8,0x60,0x0,0x4,DarkAffinity,0x0,1,0,0,0,0,0,0,0,0,NoRank,NoRank,NoRank,NoRank,NoRank,NoRank,NoRank,NoRank,60,20,30,35,15,15,25,0x0,0x0,0x0,0x0,0x0,0x0,0x0,0x0,0x0,0x0,0x0
,0x255,0x2b1,0xb9,0x61,0x0,0x4,DarkAffinity,0x0,1,0,0,0,0,0,0,0,0,NoRank,NoRank,NoRank,NoRank,NoRank,NoRank,NoRank,NoRank,60,20,30,35,15,15,25,0x0,0x0,0x0,0x0,0x0,0x0,0x0,0x0,0x0,0x0,0x0
,0x256,0x2b1,0xba,0x62,0x0,0x4,DarkAffinity,0x0,1,0,0,0,0,0,0,0,0,NoRank,NoRank,NoRank,NoRank,NoRank,NoRank,NoRank,NoRank,100,0,0,0,0,0,0,0x0,0x0,0x0,0x0,0x0,0x0,0x0,0x0,0x0,0x0,0x0
,0x255,0x2b1,0xbb,0x63,0x0,0x4,DarkAffinity,0x0,1,0,0,0,0,0,0,0,0,NoRank,NoRank,NoRank,NoRank,NoRank,NoRank,NoRank,NoRank,60,20,30,35,15,15,25,0x0,0x0,0x0,0x0,0x0,0x0,0x0,0x0,0x0,0x0,0x0
,0x255,0x2b1,0xbc,0x64,0x0,0x4,DarkAffinity,0x0,1,0,0,0,0,0,0,0,0,NoRank,NoRank,NoRank,NoRank,NoRank,NoRank,NoRank,NoRank,60,20,30,35,15,15,25,0x0,0x0,0x0,0x0,0x0,0x0,0x0,0x0,0x0,0x0,0x0
,0x255,0x2b1,0xbd,0x65,0x0,0x1,DarkAffinity,0x0,1,0,0,0,0,0,0,0,0,NoRank,NoRank,NoRank,NoRank,NoRank,NoRank,NoRank,NoRank,60,20,30,35,15,15,25,0x0,0x0,0x0,0x0,0x0,0x0,0x0,0x0,0x0,0x0,0x0
,0x25a,0x2b2,0xbe,0x66,0x0,0x4,DarkAffinity,0x0,20,0,0,0,0,0,0,10,0,NoRank,NoRank,NoRank,NoRank,NoRank,NoRank,NoRank,NoRank,60,20,30,35,15,15,25,0x0,0x0,0x0,0x0,0x0,IsBoss,0x0,0x0,0x0,0x0,0x0
,0x267,0x0,0xbf,0x41,0x0,0x0,NoAffinity,0x0,1,0,0,0,0,0,0,0,0,NoRank,NoRank,NoRank,NoRank,NoRank,NoRank,NoRank,NoRank,0,0,0,0,0,0,0,0x0,0x0,0x0,0x0,0x0,0x0,0x0,0x0,0x0,0x0,0x0
,0x262,0x2ba,0xc0,0x13,0x0,0x2,NoAffinity,0x0,1,0,0,0,0,0,0,0,0,NoRank,NoRank,NoRank,NoRank,NoRank,NoRank,NoRank,NoRank,85,40,50,45,25,25,20,0x0,0x0,0x0,0x0,0x0,0x0,0x0,0x0,0x0,0x0,0x0
,0x262,0x2ba,0xc1,0x5,0x0,0x2,NoAffinity,0x0,1,0,0,0,0,0,0,0,0,NoRank,NoRank,NoRank,NoRank,NoRank,NoRank,NoRank,NoRank,85,40,50,45,25,25,20,0x0,0x0,0x0,0x0,0x0,0x0,0x0,0x0,0x0,0x0,0x0
,0x267,0x0,0xc2,0x41,0x0,0x0,NoAffinity,0x0,1,0,0,0,0,0,0,0,0,NoRank,NoRank,NoRank,NoRank,NoRank,NoRank,NoRank,NoRank,0,0,0,0,0,0,0,0x0,0x0,0x0,0x0,0x0,0x0,0x0,0x0,0x0,0x0,0x0
,0x267,0x0,0xc3,0x41,0x0,0x0,NoAffinity,0x0,1,0,0,0,0,0,0,0,0,NoRank,NoRank,NoRank,NoRank,NoRank,NoRank,NoRank,NoRank,0,0,0,0,0,0,0,0x0,0x0,0x0,0x0,0x0,0x0,0x0,0x0,0x0,0x0,0x0
,0x267,0x0,0xc4,0x41,0x0,0x0,NoAffinity,0x0,1,0,0,0,0,0,0,0,0,NoRank,NoRank,NoRank,NoRank,NoRank,NoRank,NoRank,NoRank,0,0,0,0,0,0,0,0x0,0x0,0x0,0x0,0x0,0x0,0x0,0x0,0x0,0x0,0x0
,0x25b,0x2b3,0xc5,0x27,0x51,0x0,FireAffinity,0x0,5,13,8,6,8,2,12,10,3,NoRank,NoRank,NoRank,NoRank,NoRank,NoRank,NoRank,NoRank,85,40,50,45,25,25,20,0x0,0x0,0x0,0x0,0x0,0x0,0x0,0x0,0x0,0x0,0x0
,0x267,0x0,0xc6,0x41,0x0,0x0,NoAffinity,0x0,1,0,0,0,0,0,0,0,0,NoRank,NoRank,NoRank,NoRank,NoRank,NoRank,NoRank,NoRank,0,0,0,0,0,0,0,0x0,0x0,0x0,0x0,0x0,0x0,0x0,0x0,0x0,0x0,0x0
,0x25c,0x2b4,0xc7,0x73,0x52,0x0,AnimaAffinity,0x0,1,0,0,0,0,0,0,0,1,NoRank,NoRank,NoRank,NoRank,NoRank,NoRank,NoRank,NoRank,85,40,50,45,25,25,20,0x0,0x0,0x0,0x0,0x0,0x0,0x0,0x0,0x0,0x0,0x0
,0x25e,0x2b5,0xc8,0x7a,0x53,0x0,LightAffinity,0x0,17,11,11,3,2,5,8,17,0,NoRank,NoRank,NoRank,NoRank,NoRank,NoRank,NoRank,NoRank,85,40,50,45,25,25,20,0x0,0x0,0x0,0x0,0x0,0x0,0x0,0x0,0x0,0x0,0x0
,0x25d,0x2b6,0xc9,0x2b,0x54,0x0,AnimaAffinity,0x0,1,0,0,0,0,0,0,0,0,NoRank,NoRank,NoRank,NoRank,NoRank,NoRank,NoRank,NoRank,85,40,50,45,25,25,20,0x0,0x0,0x0,0x0,0x0,0x0,0x0,0x0,0x0,0x0,0x0
,0x25f,0x2b7,0xca,0x2f,0x55,0x0,DarkAffinity,0x0,1,0,0,0,0,0,0,0,0,NoRank,NoRank,NoRank,NoRank,NoRank,NoRank,NoRank,NoRank,85,40,50,45,25,25,20,0x0,0x0,0x0,0x0,0x0,0x0,0x0,0x0,0x0,0x0,0x0
,0x260,0x2b8,0xcb,0x74,0x56,0x0,WindAffinity,0x0,4,14,10,9,11,4,12,12,0,ARank,NoRank,NoRank,NoRank,NoRank,NoRank,NoRank,NoRank,75,30,60,55,20,25,30,0x0,0x0,0x0,0x0,0x0,IsFemale,0x0,0x0,0x0,0x0,0x0
,0x261,0x2b9,0xcc,0x48,0x69,0x0,WindAffinity,0x0,1,3,2,2,5,0,2,7,0,NoRank,DRank,NoRank,NoRank,NoRank,NoRank,NoRank,NoRank,85,40,50,45,25,25,20,0x0,0x0,0x0,0x0,0x0,IsFemale,0x0,0x0,0x0,0x0,0x0
,0x263,0x2bb,0xcd,0x9,0x0,0x2,NoAffinity,0x0,1,0,0,0,0,0,0,0,0,NoRank,NoRank,NoRank,NoRank,NoRank,NoRank,NoRank,NoRank,85,40,50,45,25,25,20,0x0,0x0,0x0,0x0,0x0,0x0,0x0,0x0,0x0,0x0,0x0
,0x263,0x2bb,0xce,0x9,0x0,0x2,NoAffinity,0x0,1,0,0,0,0,0,0,0,0,NoRank,NoRank,NoRank,NoRank,NoRank,NoRank,NoRank,NoRank,85,40,50,45,25,25,20,0x0,0x0,0x0,0x0,0x0,0x0,0x0,0x0,0x0,0x0,0x0
,0x267,0x0,0xcf,0x41,0x0,0x0,NoAffinity,0x0,0,0,0,0,0,0,0,0,0,NoRank,NoRank,NoRank,NoRank,NoRank,NoRank,NoRank,NoRank,0,0,0,0,0,0,0,0x0,0x0,0x0,0x0,0x0,0x0,0x0,0x0,0x0,0x0,0x0
,0x267,0x0,0xd0,0x41,0x0,0x0,NoAffinity,0x0,0,0,0,0,0,0,0,0,0,NoRank,NoRank,NoRank,NoRank,NoRank,NoRank,NoRank,NoRank,0,0,0,0,0,0,0,0x0,0x0,0x0,0x0,0x0,0x0,0x0,0x0,0x0,0x0,0x0
,0x267,0x0,0xd1,0x41,0x0,0x0,NoAffinity,0x0,0,0,0,0,0,0,0,0,0,NoRank,NoRank,NoRank,NoRank,NoRank,NoRank,NoRank,NoRank,0,0,0,0,0,0,0,0x0,0x0,0x0,0x0,0x0,0x0,0x0,0x0,0x0,0x0,0x0
,0x267,0x0,0xd2,0x41,0x0,0x0,NoAffinity,0x0,0,0,0,0,0,0,0,0,0,NoRank,NoRank,NoRank,NoRank,NoRank,NoRank,NoRank,NoRank,0,0,0,0,0,0,0,0x0,0x0,0x0,0x0,0x0,0x0,0x0,0x0,0x0,0x0,0x0
,0x267,0x0,0xd3,0x41,0x0,0x0,NoAffinity,0x0,0,0,0,0,0,0,0,0,0,NoRank,NoRank,NoRank,NoRank,NoRank,NoRank,NoRank,NoRank,0,0,0,0,0,0,0,0x0,0x0,0x0,0x0,0x0,0x0,0x0,0x0,0x0,0x0,0x0
,0x267,0x0,0xd4,0x41,0x0,0x0,NoAffinity,0x0,0,0,0,0,0,0,0,0,0,NoRank,NoRank,NoRank,NoRank,NoRank,NoRank,NoRank,NoRank,0,0,0,0,0,0,0,0x0,0x0,0x0,0x0,0x0,0x0,0x0,0x0,0x0,0x0,0x0
,0x267,0x0,0xd5,0x41,0x0,0x0,NoAffinity,0x0,0,0,0,0,0,0,0,0,0,NoRank,NoRank,NoRank,NoRank,NoRank,NoRank,NoRank,NoRank,0,0,0,0,0,0,0,0x0,0x0,0x0,0x0,0x0,0x0,0x0,0x0,0x0,0x0,0x0
,0x267,0x0,0xd6,0x41,0x0,0x0,NoAffinity,0x0,0,0,0,0,0,0,0,0,0,NoRank,NoRank,NoRank,NoRank,NoRank,NoRank,NoRank,NoRank,0,0,0,0,0,0,0,0x0,0x0,0x0,0x0,0x0,0x0,0x0,0x0,0x0,0x0,0x0
,0x267,0x0,0xd7,0x41,0x0,0x0,NoAffinity,0x0,0,0,0,0,0,0,0,0,0,NoRank,NoRank,NoRank,NoRank,NoRank,NoRank,NoRank,NoRank,0,0,0,0,0,0,0,0x0,0x0,0x0,0x0,0x0,0x0,0x0,0x0,0x0,0x0,0x0
,0x267,0x0,0xd8,0x41,0x0,0x0,NoAffinity,0x0,0,0,0,0,0,0,0,0,0,NoRank,NoRank,NoRank,NoRank,NoRank,NoRank,NoRank,NoRank,0,0,0,0,0,0,0,0x0,0x0,0x0,0x0,0x0,0x0,0x0,0x0,0x0,0x0,0x0
,0x267,0x0,0xd9,0x41,0x0,0x0,NoAffinity,0x0,0,0,0,0,0,0,0,0,0,NoRank,NoRank,NoRank,NoRank,NoRank,NoRank,NoRank,NoRank,0,0,0,0,0,0,0,0x0,0x0,0x0,0x0,0x0,0x0,0x0,0x0,0x0,0x0,0x0
,0x267,0x0,0xda,0x41,0x0,0x0,NoAffinity,0x0,0,0,0,0,0,0,0,0,0,NoRank,NoRank,NoRank,NoRank,NoRank,NoRank,NoRank,NoRank,0,0,0,0,0,0,0,0x0,0x0,0x0,0x0,0x0,0x0,0x0,0x0,0x0,0x0,0x0
,0x267,0x0,0xdb,0x41,0x0,0x0,NoAffinity,0x0,0,0,0,0,0,0,0,0,0,NoRank,NoRank,NoRank,NoRank,NoRank,NoRank,NoRank,NoRank,0,0,0,0,0,0,0,0x0,0x0,0x0,0x0,0x0,0x0,0x0,0x0,0x0,0x0,0x0
,0x267,0x0,0xdc,0x41,0x0,0x0,NoAffinity,0x0,0,0,0,0,0,0,0,0,0,NoRank,NoRank,NoRank,NoRank,NoRank,NoRank,NoRank,NoRank,0,0,0,0,0,0,0,0x0,0x0,0x0,0x0,0x0,0x0,0x0,0x0,0x0,0x0,0x0
,0x267,0x0,0xdd,0x41,0x0,0x0,NoAffinity,0x0,0,0,0,0,0,0,0,0,0,NoRank,NoRank,NoRank,NoRank,NoRank,NoRank,NoRank,NoRank,0,0,0,0,0,0,0,0x0,0x0,0x0,0x0,0x0,0x0,0x0,0x0,0x0,0x0,0x0
,0x267,0x0,0xde,0x41,0x0,0x0,NoAffinity,0x0,0,0,0,0,0,0,0,0,0,NoRank,NoRank,NoRank,NoRank,NoRank,NoRank,NoRank,NoRank,0,0,0,0,0,0,0,0x0,0x0,0x0,0x0,0x0,0x0,0x0,0x0,0x0,0x0,0x0
,0x267,0x0,0xdf,0x41,0x0,0x0,NoAffinity,0x0,0,0,0,0,0,0,0,0,0,NoRank,NoRank,NoRank,NoRank,NoRank,NoRank,NoRank,NoRank,0,0,0,0,0,0,0,0x0,0x0,0x0,0x0,0x0,0x0,0x0,0x0,0x0,0x0,0x0
,0x267,0x0,0xe0,0x41,0x0,0x0,NoAffinity,0x0,0,0,0,0,0,0,0,0,0,NoRank,NoRank,NoRank,NoRank,NoRank,NoRank,NoRank,NoRank,0,0,0,0,0,0,0,0x0,0x0,0x0,0x0,0x0,0x0,0x0,0x0,0x0,0x0,0x0
,0x267,0x0,0xe1,0x41,0x0,0x0,NoAffinity,0x0,0,0,0,0,0,0,0,0,0,NoRank,NoRank,NoRank,NoRank,NoRank,NoRank,NoRank,NoRank,0,0,0,0,0,0,0,0x0,0x0,0x0,0x0,0x0,0x0,0x0,0x0,0x0,0x0,0x0
,0x267,0x0,0xe2,0x41,0x0,0x0,NoAffinity,0x0,0,0,0,0,0,0,0,0,0,NoRank,NoRank,NoRank,NoRank,NoRank,NoRank,NoRank,NoRank,0,0,0,0,0,0,0,0x0,0x0,0x0,0x0,0x0,0x0,0x0,0x0,0x0,0x0,0x0
,0x267,0x0,0xe3,0x41,0x0,0x0,NoAffinity,0x0,0,0,0,0,0,0,0,0,0,NoRank,NoRank,NoRank,NoRank,NoRank,NoRank,NoRank,NoRank,0,0,0,0,0,0,0,0x0,0x0,0x0,0x0,0x0,0x0,0x0,0x0,0x0,0x0,0x0
,0x267,0x0,0xe4,0x41,0x0,0x0,NoAffinity,0x0,0,0,0,0,0,0,0,0,0,NoRank,NoRank,NoRank,NoRank,NoRank,NoRank,NoRank,NoRank,0,0,0,0,0,0,0,0x0,0x0,0x0,0x0,0x0,0x0,0x0,0x0,0x0,0x0,0x0
,0x267,0x0,0xe5,0x41,0x0,0x0,NoAffinity,0x0,0,0,0,0,0,0,0,0,0,NoRank,NoRank,NoRank,NoRank,NoRank,NoRank,NoRank,NoRank,0,0,0,0,0,0,0,0x0,0x0,0x0,0x0,0x0,0x0,0x0,0x0,0x0,0x0,0x0
,0x267,0x0,0xe6,0x41,0x0,0x0,NoAffinity,0x0,0,0,0,0,0,0,0,0,0,NoRank,NoRank,NoRank,NoRank,NoRank,NoRank,NoRank,NoRank,0,0,0,0,0,0,0,0x0,0x0,0x0,0x0,0x0,0x0,0x0,0x0,0x0,0x0,0x0
,0x267,0x0,0xe7,0x41,0x0,0x0,NoAffinity,0x0,0,0,0,0,0,0,0,0,0,NoRank,NoRank,NoRank,NoRank,NoRank,NoRank,NoRank,NoRank,0,0,0,0,0,0,0,0x0,0x0,0x0,0x0,0x0,0x0,0x0,0x0,0x0,0x0,0x0
,0x267,0x0,0xe8,0x41,0x0,0x0,NoAffinity,0x0,0,0,0,0,0,0,0,0,0,NoRank,NoRank,NoRank,NoRank,NoRank,NoRank,NoRank,NoRank,0,0,0,0,0,0,0,0x0,0x0,0x0,0x0,0x0,0x0,0x0,0x0,0x0,0x0,0x0
,0x267,0x0,0xe9,0x41,0x0,0x0,NoAffinity,0x0,0,0,0,0,0,0,0,0,0,NoRank,NoRank,NoRank,NoRank,NoRank,NoRank,NoRank,NoRank,0,0,0,0,0,0,0,0x0,0x0,0x0,0x0,0x0,0x0,0x0,0x0,0x0,0x0,0x0
,0x267,0x0,0xea,0x41,0x0,0x0,NoAffinity,0x0,0,0,0,0,0,0,0,0,0,NoRank,NoRank,NoRank,NoRank,NoRank,NoRank,NoRank,NoRank,0,0,0,0,0,0,0,0x0,0x0,0x0,0x0,0x0,0x0,0x0,0x0,0x0,0x0,0x0
,0x267,0x0,0xeb,0x41,0x0,0x0,NoAffinity,0x0,0,0,0,0,0,0,0,0,0,NoRank,NoRank,NoRank,NoRank,NoRank,NoRank,NoRank,NoRank,0,0,0,0,0,0,0,0x0,0x0,0x0,0x0,0x0,0x0,0x0,0x0,0x0,0x0,0x0
,0x267,0x0,0xec,0x41,0x0,0x0,NoAffinity,0x0,0,0,0,0,0,0,0,0,0,NoRank,NoRank,NoRank,NoRank,NoRank,NoRank,NoRank,NoRank,0,0,0,0,0,0,0,0x0,0x0,0x0,0x0,0x0,0x0,0x0,0x0,0x0,0x0,0x0
,0x267,0x0,0xed,0x41,0x0,0x0,NoAffinity,0x0,0,0,0,0,0,0,0,0,0,NoRank,NoRank,NoRank,NoRank,NoRank,NoRank,NoRank,NoRank,0,0,0,0,0,0,0,0x0,0x0,0x0,0x0,0x0,0x0,0x0,0x0,0x0,0x0,0x0
,0x267,0x0,0xee,0x41,0x0,0x0,NoAffinity,0x0,0,0,0,0,0,0,0,0,0,NoRank,NoRank,NoRank,NoRank,NoRank,NoRank,NoRank,NoRank,0,0,0,0,0,0,0,0x0,0x0,0x0,0x0,0x0,0x0,0x0,0x0,0x0,0x0,0x0
,0x267,0x0,0xef,0x41,0x0,0x0,NoAffinity,0x0,0,0,0,0,0,0,0,0,0,NoRank,NoRank,NoRank,NoRank,NoRank,NoRank,NoRank,NoRank,0,0,0,0,0,0,0,0x0,0x0,0x0,0x0,0x0,0x0,0x0,0x0,0x0,0x0,0x0
,0x267,0x0,0xf0,0x41,0x0,0x0,NoAffinity,0x0,0,0,0,0,0,0,0,0,0,NoRank,NoRank,NoRank,NoRank,NoRank,NoRank,NoRank,NoRank,0,0,0,0,0,0,0,0x0,0x0,0x0,0x0,0x0,0x0,0x0,0x0,0x0,0x0,0x0
,0x267,0x0,0xf1,0x41,0x0,0x0,NoAffinity,0x0,0,0,0,0,0,0,0,0,0,NoRank,NoRank,NoRank,NoRank,NoRank,NoRank,NoRank,NoRank,0,0,0,0,0,0,0,0x0,0x0,0x0,0x0,0x0,0x0,0x0,0x0,0x0,0x0,0x0
,0x267,0x0,0xf2,0x41,0x0,0x0,NoAffinity,0x0,0,0,0,0,0,0,0,0,0,NoRank,NoRank,NoRank,NoRank,NoRank,NoRank,NoRank,NoRank,0,0,0,0,0,0,0,0x0,0x0,0x0,0x0,0x0,0x0,0x0,0x0,0x0,0x0,0x0
,0x267,0x0,0xf3,0x41,0x0,0x0,NoAffinity,0x0,0,0,0,0,0,0,0,0,0,NoRank,NoRank,NoRank,NoRank,NoRank,NoRank,NoRank,NoRank,0,0,0,0,0,0,0,0x0,0x0,0x0,0x0,0x0,0x0,0x0,0x0,0x0,0x0,0x0
,0x266,0x2bd,0xf4,0x6d,0x0,0x5,NoAffinity,0x0,1,0,0,0,0,2,0,0,0,NoRank,NoRank,NoRank,NoRank,NoRank,NoRank,NoRank,NoRank,85,25,60,10,15,15,25,0x0,0x0,0x0,0x0,0x0,0x0,0x0,0x0,0x0,0x0,0x0
,0x266,0x2bd,0xf5,0x6e,0x0,0x5,NoAffinity,0x0,1,0,0,0,0,2,0,0,0,NoRank,NoRank,NoRank,NoRank,NoRank,NoRank,NoRank,NoRank,85,25,60,10,15,15,25,0x0,0x0,0x0,0x0,0x0,IsFemale,0x0,0x0,0x0,0x0,0x0
,0x266,0x2bd,0xf6,0x6f,0x0,0x5,NoAffinity,0x0,1,0,0,0,0,2,0,0,0,NoRank,NoRank,NoRank,NoRank,NoRank,NoRank,NoRank,NoRank,85,25,60,10,15,15,25,0x0,0x0,0x0,0x0,0x0,0x0,0x0,0x0,0x0,0x0,0x0
,0x266,0x2bd,0xf7,0x70,0x0,0x5,NoAffinity,0x0,1,0,0,0,0,2,0,0,0,NoRank,NoRank,NoRank,NoRank,NoRank,NoRank,NoRank,NoRank,85,25,60,10,15,15,25,0x0,0x0,0x0,0x0,0x0,IsFemale,0x0,0x0,0x0,0x0,0x0
,0x266,0x2bd,0xf8,0x6d,0x0,0x5,NoAffinity,0x0,1,0,0,0,0,2,0,0,0,NoRank,NoRank,NoRank,NoRank,NoRank,NoRank,NoRank,NoRank,85,25,60,10,15,15,25,0x0,0x0,0x0,0x0,0x0,0x0,0x0,0x0,0x0,0x0,0x0
,0x265,0x2bc,0xf9,0x6e,0x0,0x5,NoAffinity,0x0,1,0,0,0,0,2,0,0,0,NoRank,NoRank,NoRank,NoRank,NoRank,NoRank,NoRank,NoRank,85,25,60,10,15,15,25,0x0,0x0,0x0,0x0,0x0,IsFemale,0x0,0x0,0x0,0x0,0x0
,0x265,0x2bc,0xfa,0x71,0x0,0x5,NoAffinity,0x0,1,0,0,0,0,2,0,0,0,NoRank,NoRank,NoRank,NoRank,NoRank,NoRank,NoRank,NoRank,85,25,60,10,15,15,25,0x0,0x0,0x0,0x0,0x0,0x0,0x0,0x0,0x0,0x0,0x0
,0x265,0x2bc,0xfb,0x72,0x0,0x5,NoAffinity,0x0,1,0,0,0,0,2,0,0,0,NoRank,NoRank,NoRank,NoRank,NoRank,NoRank,NoRank,NoRank,85,25,60,10,15,15,25,0x0,0x0,0x0,0x0,0x0,IsFemale,0x0,0x0,0x0,0x0,0x0
,0x264,0x0,0xfc,0x71,0x0,0x5,NoAffinity,0x0,1,0,0,0,0,2,0,0,0,NoRank,NoRank,NoRank,NoRank,NoRank,NoRank,NoRank,NoRank,85,25,60,10,15,15,25,0x0,0x0,0x0,0x0,0x0,0x0,0x0,0x3,0x0,0x0,0x0
0xFD Enemy (Arena),0x267,0x0,0xfd,0x41,0x0,0x0,NoAffinity,0x0,0,0,0,0,0,0,0,0,0,NoRank,NoRank,NoRank,NoRank,NoRank,NoRank,NoRank,NoRank,0,0,0,0,0,0,0,0x0,0x0,0x0,0x0,0x0,0x0,0x0,0x0,0x0,0x0,0x0
0xFE Wall,0x268,0x0,0xfe,0x41,0x0,0x0,NoAffinity,0x0,0,0,0,0,0,0,0,0,0,NoRank,NoRank,NoRank,NoRank,NoRank,NoRank,NoRank,NoRank,0,0,0,0,0,0,0,0x0,0x0,0x0,0x0,0x0,0x0,0x0,0x0,0x0,0x0,0x0
0xFF Snag,0x269,0x0,0xff,0x41,0x0,0x0,NoAffinity,0x0,0,0,0,0,0,0,0,0,0,NoRank,NoRank,NoRank,NoRank,NoRank,NoRank,NoRank,NoRank,0,0,0,0,0,0,0,0x0,0x0,0x0,0x0,0x0,0x0,0x0,0x0,0x0,0x0,0x0
